,0,1
0,web master,webmaster
1,web designer,webdesigner
2,web Methods,webMethods
3,v Specialists,vSpecialists
4,v Specialist,vSpecialist
5,v Architect,vArchitect
6,travelers,travellers
7,traineeships,traineeship
8,the Spectral,theSpectral
9,telemarketer,telemarketeer
10,technician,tecnician
11,technology,technololgy
12,technologies,technnologies
13,team leader,teamleader
14,system consultant,systemconsultant
15,supervisor,supevisor
16,supervise,superviser
17,sub specialist,subspecialist
18,staff club,staffclub
19,specialist,speialist
20,service line,serviceline
21,secondary,secondairy
22,sales force,salesforce
23,s Specialist,sSpecialist
24,represent at,representat
25,re engineer,reengineer
26,recherches,recherche
27,prototype,prototyper
28,proportion,propotion
29,project manager,projectmanager
30,programmer programmer,programmerprogrammer
31,programmer,progammer
32,professional,profesional
33,pod caster,podcaster
34,occasional,occasionale
35,nation aux,nationaux
36,mud logging,mudlogging
37,more Author,moreAuthor
38,middle ware,middleware
39,metallic he,metalliche
40,management,mangement
41,lab oratorio,laboratorio
42,internship,intership
43,inter networking,internetworking
44,integrating,intergrating
45,interactive,interactieve
46,intelligence,intellligence
47,institutions,institutios
48,infective,infectives
49,industries,industriels
50,industrial,industria
51,gynecology,gynaecology
52,gynecologist,gynaecologist
53,financial,financials
54,expeditor's,expeditors
55,entertainment market,entertainmentmarket
56,engineering,enginering
57,engineer software,engineersoftware
58,engineer engineer,engineerengineer
59,e Solutions,eSolutions
60,e Services,eServices
61,e Procurement,eProcurement
62,e Marketing,eMarketing
63,e Learning,eLearning
64,e Instruction,eInstruction
65,e Discovery,eDiscovery
66,e Commerce,eCommerce
67,e Business,eBusiness
68,drifts chef,driftschef
69,developer,developerv
70,developer Works,developerWorks
71,development,developement
72,department,departement
73,deep water,deepwater
74,data warehouse,datawarehouse
75,copy writing,copywriting
76,copy editor,copyeditor
77,controller,controler
78,consultant,consultantn
79,computable,comptable
80,communication,communcation
81,commissioning,commissionning
82,call center,callcenter
83,available,avaialable
84,at Vantage,atVantage
85,assistant,assisstant
86,acquisition,aquisition
87,and Insurance,andInsurance
88,all rounder,allrounder
89,accountant,accoutant
90,World builder,Worldbuilder
91,World Wide,WorldWide
92,Work student,Workstudent
93,Work stream,Workstream
94,Works manager,Worksmanager
95,Work scope,Workscope
96,Work light,Worklight
97,Work group,Workgroup
98,Workforce Logic,WorkforceLogic
99,Work flows,Workflows
100,Work Study,WorkStudy
101,Work Stream,WorkStream
102,Work Space,WorkSpace
103,Work Group,WorkGroup
104,Work Force,WorkForce
105,Word press,Wordpress
106,Word Press,WordPress
107,Worcestershire,Worcesetershire
108,Woolworth,Woolworths
109,Woolly butt,Woollybutt
110,Wind scale,Windscale
111,Win Mobile,WinMobile
112,Wiener mobile,Wienermobile
113,White gate,Whitegate
114,White Pages,WhitePages
115,Warehouse,Wharehouse
116,Weyerhauser,Weyerhaeuser
117,Web trends,Webtrends
118,Web sphere,Websphere
119,Web master,Webmaster
120,Web marketing,Webmarketing
121,Web interface,Webinterface
122,Web developer,Webdeveloper
123,Web designer,Webdesigner
124,Web design,Webdesign
125,Web center,Webcenter
126,Web casting,Webcasting
127,Web Trends,WebTrends
128,Web Sphere,WebSphere
129,Web Server,WebServer
130,Web Methods,WebMethods
131,Web Master,WebMaster
132,Web Center,WebCenter
133,Web Access,WebAccess
134,Wealth Manager,WealthManager
135,Waters ports,Watersports
136,Water flooding,Waterflooding
137,Water flood,Waterflood
138,WEB MASTER,WEBMASTER
139,Voice over,Voiceover
140,Voice Mail,VoiceMail
141,Voice Board,VoiceBoard
142,View Sonic,ViewSonic
143,Video games,Videogames
144,Video game,Videogame
145,Venture net,Venturenet
146,Vector Force,VectorForce
147,Valida tor,Validator
148,Validation Consultant,ValidationConsultant
149,Valida tin,Validatin
150,Validation,Valdation
151,User Experience,UserExperience
152,Unreal script,Unrealscript
153,Under balanced,Underbalanced
154,Unconventional,Unconventionals
155,Unannounced,Unanncounced
156,Turbo machinery,Turbomachinery
157,Turbo drill,Turbodrill
158,Turbo Care,TurboCare
159,Tunneling,Tunnelling
160,Traveling,Travelling
161,Travel Click,TravelClick
162,Transformation,Trasformation
163,Trans ocean,Transocean
164,Trans media,Transmedia
165,Trans coding,Transcoding
166,Transaction,Transactin
167,Trans Union,TransUnion
168,Trans Point,TransPoint
169,Trans Actions,TransActions
170,Tran formation,Tranformation
171,Trainer Senior,TrainerSenior
172,Traineeships,Traineeship
173,Trading room,Tradingroom
174,Tradespersons,Tradesperson
175,Trade show,Tradeshow
176,Trade floor,Tradefloor
177,Trade Sales,TradeSales
178,Trade Flow,TradeFlow
179,Toxicology,Toxiology
180,Towns ville,Townsville
181,Tow master,Towmaster
182,Touch Point,TouchPoint
183,Tools Project,ToolsProject
184,Tool pusher,Toolpusher
185,Tool planner,Toolplanner
186,Toast Master,ToastMaster
187,Tipping Point,TippingPoint
188,Thought Wave,ThoughtWave
189,Thought Swap,ThoughtSwap
190,Thames link,Thameslink
191,Test manager,Testmanager
192,Test force,Testforce
193,Terrorist,Terriorist
194,Telecommunications,Telecomunications
195,Tel consult,Telconsult
196,Technology,Technologyt
197,Technology Information,TechnologyInformation
198,Technology Development,TechnologyDevelopment
199,Technologies,Technologie
200,Technician Network,TechnicianNetwork
201,Technician Desk,TechnicianDesk
202,Technical,Technicall
203,Tech leader,Techleader
204,Technician,Techinician
205,Tech central,Techcentral
206,Tech Sales,TechSales
207,Tech Crunch,TechCrunch
208,Team member,Teammember
209,Team manager,Teammanager
210,Team leader,Teamleader
211,Team Leader,TeamLeader
212,Team Center,TeamCenter
213,Task force,Taskforce
214,TECHNICAL SERVICES,TECHNICALSERVICES
215,System wide,Systemwide
216,System integration,Systemintegration
217,System analyst,Systemanalyst
218,System administrator,Systemadministrator
219,Surveillance,Surveillnce
220,Support Consultant,SupportConsultant
221,Supply Chains,SupplyChains
222,Supervisor,Supevisor
223,Supervisor at,Supervisorat
224,Supervisor Operator,SupervisorOperator
225,Supervise,Superviser
226,Superintendent Superintendent,SuperintendentSuperintendent
227,Superintendent,Superinendent
228,Super drug,Superdrug
229,Successful,Succesful
230,Sub specialty,Subspecialty
231,Sub specialist,Subspecialist
232,Subproject,Subprojects
233,Subdirectory,Subdirector
234,Sub Specialty,SubSpecialty
235,Student en,Studenten
236,Stream leader,Streamleader
237,Strategic,Stratergic
238,Story server,Storyserver
239,Store wide,Storewide
240,Storage Works,StorageWorks
241,Stone soft,Stonesoft
242,Stock loan,Stockloan
243,Ste warship,Stewarship
244,Steven age,Stevenage
245,Stat kraft,Statkraft
246,Statistician,Statistcian
247,Star craft,Starcraft
248,Star bucks,Starbucks
249,Staff Engineer,StaffEngineer
250,Stability,Stabililty
251,Strategist,Srategist
252,Sr Software,SrSoftware
253,Sports Flash,SportsFlash
254,Sponge bob,Spongebob
255,Spider Labs,SpiderLabs
256,Speed Tree,SpeedTree
257,Specialty,Speciality
258,Specialist tat,Specialisttat
259,Specialist Specialist,SpecialistSpecialist
260,Specialist Consultant,SpecialistConsultant
261,Specialist,Speciaist
262,Spark assen,Sparkassen
263,South West,SouthWest
264,South East,SouthEast
265,Source Forge,SourceForge
266,Southeast,Sountheast
267,Sound shield,Soundshield
268,Solution sign,Solutionsign
269,Solutions Technology,SolutionsTechnology
270,Solutions Product,SolutionsProduct
271,Solution Senior,SolutionSenior
272,Solutions,Soluctions
273,Software Firmware,SoftwareFirmware
274,Soft seeds,Softseeds
275,Soft lines,Softlines
276,Softer ware,Softerware
277,Snow sports,Snowsports
278,Snack foods,Snackfoods
279,Smart view,Smartview
280,Smart space,Smartspace
281,Smart phones,Smartphones
282,Smart phone,Smartphone
283,Smart forms,Smartforms
284,Smart Phone,SmartPhone
285,Smart Cloud,SmartCloud
286,Slumberer,Slumberger
287,Slider Wall,SliderWall
288,Slick line,Slickline
289,Site Manager,SiteManager
290,Single player,Singleplayer
291,Silver light,Silverlight
292,Signaling,Signalling
293,Shore based,Shorebased
294,Shock wave,Shockwave
295,Ship Broker,ShipBroker
296,Shift leader,Shiftleader
297,Share point,Sharepoint
298,Share Point,SharePoint
299,Share Builder,ShareBuilder
300,Services Team,ServicesTeam
301,Services Sector,ServicesSector
302,Services Consultant,ServicesConsultant
303,Services Communication,ServicesCommunication
304,Service line,Serviceline
305,Service desk,Servicedesk
306,Service Now,ServiceNow
307,Service Desk,ServiceDesk
308,Server Network,ServerNetwork
309,Semiconductors,Semiconductores
310,Sella field,Sellafield
311,See burger,Seeburger
312,Secretaries,Secretaris
313,Second line,Secondline
314,Scrum master,Scrummaster
315,Scrum Master,ScrumMaster
316,Screen Works,ScreenWorks
317,Scoutmaster,Scoutmanster
318,Scientist Scientist,ScientistScientist
319,Scientific,Scienctific
320,Schwartzkopf,Schwarzkopf
321,Scheduler,Scheduller
322,Scale form,Scaleform
323,Save Local,SaveLocal
324,Sales support,Salessupport
325,Sales manager,Salesmanager
326,Sales force,Salesforce
327,Sales controller,Salescontroller
328,Sales coach,Salescoach
329,Sales Manager,SalesManager
330,Sales Force,SalesForce
331,Safety Supervisor,SafetySupervisor
332,S Cinematic,SCinematic
333,SCHEDULER,SCHEDULLER
334,Run escape,Runescape
335,Rune Scape,RuneScape
336,Round table,Roundtable
337,Rose mount,Rosemount
338,Room Systems,RoomSystems
339,Rock brook,Rockbrook
340,Risk Strategies,RiskStrategies
341,Risk Metrics,RiskMetrics
342,Rig manger,Rigmanger
343,Rig manager,Rigmanager
344,Rider Coach,RiderCoach
345,Rich media,Richmedia
346,Re toucher,Retoucher
347,Resources Transition,ResourcesTransition
348,Resourcing,Resoucing
349,Resignal ling,Resignalling
350,Registrar,Resgistrar
351,Researcher Developer,ResearcherDeveloper
352,Researcher,Reseacher
353,Re procurement,Reprocurement
354,Representative,Represetative
355,Reporting Analyst,ReportingAnalyst
356,Re platforming,Replatforming
357,Renewable,Renewables
358,Re marketing,Remarketing
359,Relationship Manager,RelationshipManager
360,Relationship,Relationhip
361,Refueling,Refuelling
362,Red bridge,Redbridge
363,Red Prairie,RedPrairie
364,Recruitment,Recruitmen
365,Records Management,RecordsManagement
366,Reconciliation,Reconcilication
367,Recherches,Recherche
368,Receptionist,Receptioniste
369,Rea liability,Realiability
370,Read write,Readwrite
371,Reader Student,ReaderStudent
372,Reach back,Reachback
373,Re Sources,ReSources
374,Ravens burg,Ravensburg
375,Rapid Start,RapidStart
376,Radio electronics,Radioelectronics
377,Radio chemist,Radiochemist
378,R Research,RResearch
379,Quick Time,QuickTime
380,Quick Start,QuickStart
381,Quick Books,QuickBooks
382,Quality Specialist,QualitySpecialist
383,Quality Lead,QualityLead
384,Qualification,Qualfication
385,QC chemist,QCchemist
386,Pure systems,Puresystems
387,Punch list,Punchlist
388,Public zone,Publiczone
389,Psycho pharmacology,Psychopharmacology
390,Provincial,Provincia
391,Prototype,Prototyper
392,Promo tore,Promotore
393,Programmer,Promgrammer
394,Project manager,Projectmanager
395,Project leader,Projectleader
396,Project engineer,Projectengineer
397,Project Manager,ProjectManager
398,Project Management,ProjectManagement
399,Programmer are,Programmerare
400,Programmer Web,ProgrammerWeb
401,Programmer Programmer,ProgrammerProgrammer
402,Programmers,Programers
403,Program Project,ProgramProject
404,Profit stars,Profitstars
405,Professional,Profesional
406,Production,Prodution
407,Production transfer,Productiontransfer
408,Production controller,Productioncontroller
409,Productive,Productie
410,Product development,Productdevelopment
411,Product Marketing,ProductMarketing
412,Procurement,Procurment
413,Procurement Outsourcing,ProcurementOutsourcing
414,Process Automation,ProcessAutomation
415,Pro Factor,ProFactor
416,Principle,Priniciple
417,Principal,Principcal
418,Prime Time,PrimeTime
419,President,Presidente
420,Preparatory,Preparator
421,Practitioner,Practictioner
422,Practicals,Practicas
423,Power train,Powertrain
424,Power source,Powersource
425,Power point,Powerpoint
426,Power Shell,PowerShell
427,Power Seller,PowerSeller
428,Power Quest,PowerQuest
429,Power Plant,PowerPlant
430,Potter more,Pottermore
431,Post sales,Postsales
432,Post market,Postmarket
433,Portfolio management,Portfoliomanagement
434,Portfolio,Portfiolio
435,Pony Proof,PonyProof
436,Policy owner,Policyowner
437,Polar stern,Polarstern
438,Play station,Playstation
439,Play Station,PlayStation
440,Play Maker,PlayMaker
441,Pixel Junk,PixelJunk
442,Pipe fitter,Pipefitter
443,Picture desk,Picturedesk
444,Photo voltaic,Photovoltaic
445,Photo shop,Photoshop
446,Photo reporter,Photoreporter
447,Phone booth,Phonebooth
448,Philippines,Phillippines
449,Pharmaceutical,Pharmaceautical
450,Petrol Chemical,PetrolChemical
451,Permanent,Permanente
452,Performance Management,PerformanceManagement
453,Performing,Perfoming
454,Performance,Perfomance
455,Perfect Draft,PerfectDraft
456,People soft,Peoplesoft
457,People Tools,PeopleTools
458,People Soft,PeopleSoft
459,Pembroke shire,Pembrokeshire
460,Partner Partner,PartnerPartner
461,Paper Plane,PaperPlane
462,Page Maker,PageMaker
463,PEOPLE SOFT,PEOPLESOFT
464,P Developer,PDeveloper
465,Owner Founder,OwnerFounder
466,Outsourcing,Outsouring
467,Outsourcing Services,OutsourcingServices
468,Orthopedics,Orthopaedics
469,Orthopedic,Orthopaedic
470,Order management,Ordermanagement
471,Order desk,Orderdesk
472,Oracle Systems,OracleSystems
473,Oracle Direct,OracleDirect
474,Optimization,Optmization
475,Ops Transitions,OpsTransitions
476,Ops Engineer,OpsEngineer
477,Operations Technology,OperationsTechnology
478,Operational,Operationnal
479,Operation Team,OperationTeam
480,Operations,Operaitions
481,Open source,Opensource
482,Open reach,Openreach
483,Open People,OpenPeople
484,Open Pages,OpenPages
485,One Finance,OneFinance
486,On boarding,Onboarding
487,Organization,Oganization
488,Off shoring,Offshoring
489,OCEAN FREIGHT,OCEANFREIGHT
490,Nova Logic,NovaLogic
491,Note taker,Notetaker
492,Norton Cloud,NortonCloud
493,North East,NorthEast
494,New building,Newbuilding
495,Networking Business,NetworkingBusiness
496,Network engineer,Networkengineer
497,Network Systems,NetworkSystems
498,Net weaver,Netweaver
499,Net connect,Netconnect
500,Net Weaver,NetWeaver
501,Net Scaler,NetScaler
502,Net Roadshow,NetRoadshow
503,Net Backup,NetBackup
504,National Manager,NationalManager
505,Multilayer,Multiplayer
506,Multi platform,Multiplatform
507,Multi canal,Multicanal
508,Mud logging,Mudlogging
509,Mud logger,Mudlogger
510,Mouth care,Mouthcare
511,Motor sports,Motorsports
512,Motor sport,Motorsport
513,Motion graphics,Motiongraphics
514,Morris sons,Morrissons
515,Mini stores,Ministores
516,Mini market,Minimarket
517,Mid market,Midmarket
518,Middle ware,Middleware
519,Microsystems,Microsystem
520,Micro strategy,Microstrategy
521,Micro release,Microrelease
522,Micro muse,Micromuse
523,Micro finance,Microfinance
524,Microbiology Laboratory,MicrobiologyLaboratory
525,Microbiologies,Microbiologie
526,Microbiologist,Microbiologicst
527,Microbiology,Microbilogy
528,Micro architect,Microarchitect
529,Micro Strategy,MicroStrategy
530,Metro mail,Metromail
531,Metro link,Metrolink
532,Metro Rail,MetroRail
533,Methodologists,Methodologist
534,Meteorologist,Meterologist
535,Meteor Comm,MeteorComm
536,Meta storm,Metastorm
537,Metallurgy,Metalurgy
538,Metal tech,Metaltech
539,Meta Storm,MetaStorm
540,Mega center,Megacenter
541,Mega brand,Megabrand
542,Media fills,Mediafills
543,Match move,Matchmove
544,Master plan,Masterplan
545,Master Project,MasterProject
546,Master Control,MasterControl
547,Marketing,Marketting
548,Markets Product,MarketsProduct
549,Market live,Marketlive
550,Market Operations,MarketOperations
551,Market Map,MarketMap
552,March lands,Marchlands
553,Manufacturing,Manufaturing
554,Manager in,Managerin
555,Manager Sales,ManagerSales
556,Manager Regional,ManagerRegional
557,Manager Product,ManagerProduct
558,Manager Present,ManagerPresent
559,Manager Manager,ManagerManager
560,Manager Global,ManagerGlobal
561,Manager Director,ManagerDirector
562,Manager Consultant,ManagerConsultant
563,Management,Managemet
564,Management Trainee,ManagementTrainee
565,Management Team,ManagementTeam
566,Management Solutions,ManagementSolutions
567,Management Product,ManagementProduct
568,Maintenance,Maintenace
569,Macro staff,Macrostaff
570,Macro link,Macrolink
571,M Marketing,MMarketing
572,MIDDLE WARE,MIDDLEWARE
573,Loss Prevention,LossPrevention
574,Logistics,Logisitics
575,Load Runner,LoadRunner
576,Live strong,Livestrong
577,Linux Server,LinuxServer
578,Lime green,Limegreen
579,Life sciences,Lifesciences
580,Life cycle,Lifecycle
581,Life Sciences,LifeSciences
582,Life Science,LifeScience
583,Liability,Liabililty
584,Lexis Nexis,LexisNexis
585,Levering en,Leveringen
586,Leaf stone,Leafstone
587,Leading hand,Leadinghand
588,Lead frame,Leadframe
589,Leader man,Leaderman
590,Leader Leader,LeaderLeader
591,Leader Group,LeaderGroup
592,Lead Technology,LeadTechnology
593,Lead Senior,LeadSenior
594,La oratory,Laoratory
595,Landscape Manager,LandscapeManager
596,Lab specialist,Labspecialist
597,Laboratory,Laboratoy
598,Lab oratorio,Laboratorio
599,Labor ante,Laborante
600,Lab manager,Labmanager
601,La belling,Labelling
602,Lab Research,LabResearch
603,Lab Morgan,LabMorgan
604,Knights bridge,Knightsbridge
605,Key holder,Keyholder
606,Karen soft,Karensoft
607,Jump start,Jumpstart
608,Jimmy graphic,Jimmygraphic
609,Jet direct,Jetdirect
610,JD Edwards,JDEdwards
611,Installation,Istallation
612,Isle worth,Isleworth
613,Invest ran,Investran
614,Investment,Investoment
615,Investment Banking,InvestmentBanking
616,Instrumentation,Intrumentation
617,Intra vascular,Intravascular
618,Intra links,Intralinks
619,Inter university,Interuniversity
620,Internships,Interships
621,Internship,Intership
622,Inter serve,Interserve
623,Internet working,Internetworking
624,International,Internationl
625,Internationale,Internationaler
626,Inter nation,Internation
627,Intern Intern,InternIntern
628,Inter modal,Intermodal
629,Integrator,Intergrator
630,Integrations,Intergrations
631,Integration,Intergration
632,Integrated,Intergrated
633,Inter cultural,Intercultural
634,Inter company,Intercompany
635,Interchangeable,Interchageable
636,Interactive,Interactives
637,Interaction Designer,InteractionDesigner
638,Inter Society,InterSociety
639,Inter Quest,InterQuest
640,Inter Company,InterCompany
641,Inter Action,InterAction
642,Intelligence Application,IntelligenceApplication
643,Intelligence,Inteligence
644,Instrument,Instument
645,Instructor,Instructior
646,Institutional,Insitutional
647,In ovation,Inovation
648,Injectable,Injectables
649,Infrastructures,Infraestructures
650,Info sphere,Infosphere
651,Information,Informaton
652,Information Science,InformationScience
653,Informatica,Informatic
654,Informatics,Infomatics
655,Info Vista,InfoVista
656,Info Sphere,InfoSphere
657,Infrastructure,Infastructure
658,Industries,Industrie
659,Industrial,Industria
660,Ind pendent,Indpendent
661,Indexer Indexing,IndexerIndexing
662,In between,Inbetween
663,Implementations,Implmentations
664,Implement ion,Implemention
665,Implementation,Impementation
666,INTERNSHIP,INTERSHIP
667,Hydro graphic,Hydrographic
668,Hydro geology,Hydrogeology
669,Hydro geologist,Hydrogeologist
670,Hydro geological,Hydrogeological
671,Hunts wood,Huntswood
672,Hunters ton,Hunterston
673,Heath field,Heathfield
674,Heath care,Heathcare
675,Health care,Healthcare
676,Health Vault,HealthVault
677,Head Factory,HeadFactory
678,Hardware Category,HardwareCategory
679,Hardliners,Hardlines
680,Gynecology,Gynaecology
681,Gynecologist,Gynaecologist
682,Guild member,Guildmember
683,Group ware,Groupware
684,Group leader,Groupleader
685,Group Ware,GroupWare
686,Green plum,Greenplum
687,Green hills,Greenhills
688,Great mills,Greatmills
689,Grant writer,Grantwriter
690,Grange castle,Grangecastle
691,Grade book,Gradebook
692,Grace note,Gracenote
693,Governance,Governace
694,Government,Goverment
695,Go Payment,GoPayment
696,Global Trade,GlobalTrade
697,Ge physicist,Gephysicist
698,Geo technical,Geotechnical
699,Geo statistics,Geostatistics
700,Geo spatial,Geospatial
701,Geo scientist,Geoscientist
702,Geo sciences,Geosciences
703,Geo science,Geoscience
704,Geo modeling,Geomodeling
705,Geo modeler,Geomodeler
706,Geo market,Geomarket
707,Geophysicist,Geohysicist
708,Geo chemist,Geochemist
709,Geo Content,GeoContent
710,Geo Commerce,GeoCommerce
711,Generalist,Generlist
712,Generation,Generartion
713,Geologist,Gelologist
714,Game sauce,Gamesauce
715,Game master,Gamemaster
716,Game Trailers,GameTrailers
717,Game Start,GameStart
718,Gains Keeper,GainsKeeper
719,Fund raising,Fundraising
720,Fund raiser,Fundraiser
721,Functional,Functionnal
722,Fulfillment,Fullfillment
723,Front line,Frontline
724,Front desk,Frontdesk
725,Frig mobile,Frigmobile
726,Friend Caster,FriendCaster
727,Fresh fields,Freshfields
728,Freeze dried,Freezedried
729,Free trade,Freetrade
730,Free scale,Freescale
731,Free flying,Freeflying
732,Free Realms,FreeRealms
733,Food service,Foodservice
734,Food Solutions,FoodSolutions
735,Flow lines,Flowlines
736,Floor hand,Floorhand
737,Flight watch,Flightwatch
738,Fleet sales,Fleetsales
739,Fleet manager,Fleetmanager
740,Flash Writer,FlashWriter
741,First data,Firstdata
742,First Look,FirstLook
743,Fire Fighter,FireFighter
744,Financier,Financiero
745,Financial,Financials
746,Financial Services,FinancialServices
747,Financial Markets,FinancialMarkets
748,Film making,Filmmaking
749,File systems,Filesystems
750,File Maker,FileMaker
751,Facility Management,FacilityManagement
752,Facilities Management,FacilitiesManagement
753,Facilities,Facilites
754,Exxon Mobil,ExxonMobil
755,External Payments,ExternalPayments
756,Exploration,Expoloration
757,Experience,Experieince
758,Executive,Execuctive
759,Environment,Evironment
760,Ever Quest,EverQuest
761,European Planning,EuropeanPlanning
762,Escalation,Escallation
763,Equipment Engineer,EquipmentEngineer
764,Environmental,Enviromental
765,Enterprise,Entrprise
766,Entertainment,Entertainmet
767,Enterprise one,Enterpriseone
768,Enterprise One,EnterpriseOne
769,Entrainment,Enterainment
770,Enter Prise,EnterPrise
771,Engineering,Engneering
772,English town,Englishtown
773,Engineer ware,Engineerware
774,Engineer Team,EngineerTeam
775,Engineer Software,EngineerSoftware
776,Engineer Site,EngineerSite
777,Engineer Senior,EngineerSenior
778,Engineer Research,EngineerResearch
779,Engineer Partner,EngineerPartner
780,Engineer Lead,EngineerLead
781,Engineer Front,EngineerFront
782,Engineer Engineer,EngineerEngineer
783,Engineer Commissioning,EngineerCommissioning
784,Electronics,Eletronics
785,Electro Chemistry,ElectroChemistry
786,Electrical,Elecrical
787,Elastomer,Elastomers
788,Econometricians,Econometrician
789,Earth Link,EarthLink
790,E Pharmacy,EPharmacy
791,E Business,EBusiness
792,Drill site,Drillsite
793,Dream works,Dreamworks
794,Dream weaver,Dreamweaver
795,Double click,Doubleclick
796,Double Click,DoubleClick
797,Document um,Documentum
798,Doc harbor,Docharbor
799,Dive master,Divemaster
800,Distribution,Disribution
801,Director Marketing,DirectorMarketing
802,Direct Talk,DirectTalk
803,Discipline,Dicipline
804,De watering,Dewatering
805,Dev tester,Devtester
806,Developer,Developerr
807,Developer Web,DeveloperWeb
808,Developer Software,DeveloperSoftware
809,Developer Senior,DeveloperSenior
810,Developer Q,DeveloperQ
811,Developer Developer,DeveloperDeveloper
812,Developer Application,DeveloperApplication
813,Developer Android,DeveloperAndroid
814,Developer Analyst,DeveloperAnalyst
815,Development,Developent
816,Dev elopement,Developement
817,Deutsch land,Deutschland
818,Deutsch en,Deutschen
819,Designer Developer,DesignerDeveloper
820,Designer Designer,DesignerDesigner
821,Design Chef,DesignChef
822,Derrick man,Derrickman
823,Department,Depatment
824,Deep water,Deepwater
825,Deep Water,DeepWater
826,Decommissioning,Decomissioning
827,De central,Decentral
828,Deal maker,Dealmaker
829,Data warehousing,Datawarehousing
830,Data warehouses,Datawarehouses
831,Data warehouse,Datawarehouse
832,Data vision,Datavision
833,Data synapse,Datasynapse
834,Data stage,Datastage
835,Data centers,Datacenters
836,Data center,Datacenter
837,Database Administrator,DatabaseAdministrator
838,Data Warehousing,DataWarehousing
839,Data Warehouse,DataWarehouse
840,Data Stage,DataStage
841,Data Power,DataPower
842,Data Center,DataCenter
843,Data Cabling,DataCabling
844,Data Architect,DataArchitect
845,Dance Star,DanceStar
846,DEEP WATER,DEEPWATER
847,DATA WAREHOUSE,DATAWAREHOUSE
848,Czar Founder,CzarFounder
849,Crowd sourcing,Crowdsourcing
850,Cross rail,Crossrail
851,Cross dock,Crossdock
852,Cover Girl,CoverGirl
853,Course ware,Courseware
854,Counterpart,Counterparty
855,Counselor,Counsellor
856,Counseling,Counselling
857,Councilor,Councillor
858,Co restaff,Corestaff
859,Core Valve,CoreValve
860,Copy editor,Copyeditor
861,Copy editing,Copyediting
862,Corporate,Coorporate
863,Coordinator,Coordnator
864,Coordinate,Coordinater
865,Con trolls,Controlls
866,Controller ship,Controllership
867,Controlling,Controling
868,Control gear,Controlgear
869,Contraltos,Contratos
870,Contracts Engineer,ContractsEngineer
871,Controller,Contoroller
872,Continuous,Continous
873,Content management,Contentmanagement
874,Contractor,Contactor
875,Consultant or,Consultantor
876,Consultant,Consultantc
877,Consultant Security,ConsultantSecurity
878,Consultant Project,ConsultantProject
879,Consultant Data,ConsultantData
880,Con sultan,Consultan
881,Con Contracts,ConContracts
882,Communications,Comunications
883,Computer share,Computershare
884,Compositor,Composiitor
885,Com pliancy,Compliancy
886,Competitive,Competitve
887,Company man,Companyman
888,Communication,Communicaion
889,Commodities,Commodites
890,Commission,Commissiong
891,Commissions,Commisions
892,Commissioning,Commisioning
893,Commercials,Commericials
894,Commercial,Commecial
895,Comm Vault,CommVault
896,Comm Insure,CommInsure
897,Colo rectal,Colorectal
898,Collaborator,Collaboratore
899,Cold fusion,Coldfusion
900,Cold Fusion,ColdFusion
901,Co generation,Cogeneration
902,Co founder,Cofounder
903,Co President,CoPresident
904,Cloud front,Cloudfront
905,Clear wire,Clearwire
906,Clear case,Clearcase
907,Clear Case,ClearCase
908,Clean room,Cleanroom
909,Class Shot,ClassShot
910,Clari sonic,Clarisonic
911,City Speak,CitySpeak
912,Chess master,Chessmaster
913,Chef Ville,ChefVille
914,Cheer leading,Cheerleading
915,Charter holder,Charterholder
916,Charge man,Chargeman
917,Charge hand,Chargehand
918,Chapel cross,Chapelcross
919,Certified Team,CertifiedTeam
920,Compliance,Ccompliance
921,Cater plan,Caterplan
922,Castor one,Castorone
923,Carri bean,Carribean
924,Capital One,CapitalOne
925,Candy king,Candyking
926,Candidate,Candiadate
927,COVER GIRL,COVERGIRL
928,C Business,CBusiness
929,Business Objects,BusinessObjects
930,Business Intelligence,BusinessIntelligence
931,Business Development,BusinessDevelopment
932,Broad market,Broadmarket
933,Board member,Boardmember
934,Blue tooth,Bluetooth
935,Blade logic,Bladelogic
936,Blade center,Bladecenter
937,Backwater,Blackwater
938,Black belt,Blackbelt
939,Black Berry,BlackBerry
940,Black Belt,BlackBelt
941,Better You,BetterYou
942,Best foods,Bestfoods
943,Bell tower,Belltower
944,Behavioral,Behavioural
945,Bedizening,Bediening
946,Beach body,Beachbody
947,Be Dynamic,BeDynamic
948,Battle star,Battlestar
949,Battle lab,Battlelab
950,Basel world,Baselworld
951,Barclay card,Barclaycard
952,Bank Chief,BankChief
953,Back story,Backstory
954,Back office,Backoffice
955,Back Office,BackOffice
956,Auto plats,Autoplats
957,Automation Engineer,AutomationEngineer
958,Authority,Authourity
959,Assurance,Aussurance
960,Audio Video,AudioVideo
961,Attributes Studio,AttributesStudio
962,Assurance and,Assuranceand
963,Associate,Assocciate
964,Assistant Jr,AssistantJr
965,Assistant Assistant,AssistantAssistant
966,Assistant,Assistannt
967,Asia Pacific,AsiaPacific
968,Art worker,Artworker
969,Artist Project,ArtistProject
970,Area manager,Areamanager
971,Architect or,Architector
972,Architect,Architecte
973,Architect Technical,ArchitectTechnical
974,Architect Team,ArchitectTeam
975,Architect Systems,ArchitectSystems
976,Architect Report,ArchitectReport
977,Architect Manager,ArchitectManager
978,Architect Delivery,ArchitectDelivery
979,Architecture,Architechture
980,Archeology,Archaeology
981,Acquisitions,Aquisitions
982,Aqua Logic,AquaLogic
983,Applications,Applicatons
984,Applications of,Applicationsof
985,Application Database,ApplicationDatabase
986,Application,Applicantion
987,Apple Care,AppleCare
988,Analytical,Analythical
989,Analyst Project,AnalystProject
990,Analyst Programmer,AnalystProgrammer
991,Analyst Network,AnalystNetwork
992,Analyst Developer,AnalystDeveloper
993,Analyst Business,AnalystBusiness
994,Analysis ate,Analysisate
995,Anesthetist,Anaesthetist
996,Anesthetics,Anaesthetics
997,Anesthesia,Anaesthesia
998,Amazon Local,AmazonLocal
999,Alter nova,Alternova
1000,Algorithmic,Algorithmics
1001,After sales,Aftersales
1002,After market,Aftermarket
1003,Adv Residence,AdvResidence
1004,Administration,Adminstration
1005,Administrative,Adminitstrative
1006,Administrator,Administrato
1007,Administrate,Administratie
1008,Aden brooks,Adenbrooks
1009,Ad Serving,AdServing
1010,Ad Exchange,AdExchange
1011,Active Scout,ActiveScout
1012,Action script,Actionscript
1013,Action Script,ActionScript
1014,Acquisition,Acquisiton
1015,Account manager,Accountmanager
1016,Accountant,Accountan
1017,Accounting,Acconting
1018,APPLICATION,APPICATION
1019,ANESTHETICS,ANAESTHETICS
1020,ADMINISTRATOR,ADMINSTRATOR
1021,ACCOUNT MARKETING,ACCOUNTMARKETING
